Company,Title,Link
Osmo,"Software Engineer, Unity",https://www.indeed.com/viewjob?fccid=729d056354e74977&vjs=3
"Grammarly, Inc.",Applied Research Scientist,https://www.indeed.com/viewjob?jk=dd8289721de42b57&fccid=0555014e7bce64c3&vjs=3
Cubic Corporation,Data Analyst,https://www.indeed.com/viewjob?jk=5cc459aaf48ecec8&fccid=21df030fae150acc&vjs=3
O'Reilly Media,Software Engineer (Backend),https://www.indeed.com/viewjob?jk=b2e42e099b00caa8&fccid=f6b4585215cfe949&vjs=3
"Sonos, Inc",Data Scientist,https://www.indeed.com/viewjob?jk=51f46ac451b84707&fccid=a3ad90904ce59650&vjs=3
Baylor College of Medicine,Student Helper,https://www.indeed.com/viewjob?jk=cca0d43192a0a066&fccid=5f589639ccd58869&vjs=3
Yelp,"Analyst, Corporate Strategy",https://www.indeed.com/viewjob?jk=786a70f7a4f082c8&fccid=0e94073a1c937bd1&vjs=3
Santex Group,Python Developer,https://www.indeed.com/viewjob?jk=040f2c487a3dd6d3&fccid=4df7c70c3731a9dc&vjs=3
Allstate,Software Engineer- Remote/ Home Based Worker,https://www.indeed.com/viewjob?jk=964073cc5be57f26&fccid=3a71a4d2f7990a25&vjs=3
Adobe,Machine Learning Engineer,https://www.indeed.com/viewjob?jk=1983bc3c608ce5ae&fccid=f89deb5a97c7738a&vjs=3
Amazon.com Services LLC,CSNA Workforce Analyst,https://www.indeed.com/viewjob?jk=52c13ac9dbddbf5b&fccid=fe2d21eef233e94a&vjs=3
Nike,Data Engineer,https://www.indeed.com/viewjob?jk=3843153749cd57a6&fccid=2c62e4de04b8f952&vjs=3
California State University,Job No. 514901 Information Security Analyst,https://www.indeed.com/viewjob?jk=2898d98ecf251b23&fccid=938c68fc89db4b9d&vjs=3
cloudteam,Python REST Developer (Remote),https://www.indeed.com/viewjob?jk=c1b6116dbd902c6b&fccid=8e2d5787f67bc92e&vjs=3
Wex Europe Services Ltd,Software Engineer - Microservices - Python,https://www.indeed.com/viewjob?jk=5e84b545333c9fc9&fccid=67cf6319601a0310&vjs=3
California Institute of Technology,Applications Developer,https://www.indeed.com/viewjob?jk=abc7cb7701f408a7&fccid=3f13ab783077a3af&vjs=3
Velvetech,Python Developer,https://www.indeed.com/viewjob?jk=0b62ff075ce8b923&fccid=94f9353a75bb63a8&vjs=3
SunPower,Data Analyst,https://www.indeed.com/viewjob?jk=2f19dda1f8103016&fccid=e145a4204aee6fa7&vjs=3
INTEL 471,"Junior Technical Support, Python (Remote)",https://www.indeed.com/viewjob?jk=3c71c4a62fdf588c&fccid=24540afa0489b40e&vjs=3
T-Mobile,Data Scientists,https://www.indeed.com/viewjob?jk=2cadef7d059780c2&fccid=d124dbfd3785b597&vjs=3
Decide,"Data Analyst, Applied ML",https://www.indeed.com/viewjob?jk=fcebc63710f6f1e0&fccid=c68e6f08b0c8b2e7&vjs=3
GRANDMETRIC,Frontend Developer,https://www.indeed.com/viewjob?jk=54ef719bf85bfcce&fccid=ceaccee5d44ffaf8&vjs=3
Explore Jobs Search,"REMOTE C++ Developer - Python, C#, AWS",https://www.indeed.com/viewjob?jk=19fc9f5d748e0806&fccid=dd616958bd9ddc12&vjs=3
"Amazon.com.ca, Inc. (US)","Translation Specialist (EN-FR_CA), French CX, Amazon Canada",https://www.indeed.com/viewjob?jk=5e43f404ef9d3621&fccid=fe2d21eef233e94a&vjs=3
Piper Companies,Python Developer - REMOTE,https://www.indeed.com/viewjob?jk=b6202c028af8ee2d&fccid=fc68da685e8aa986&vjs=3
Apple,Research and Development Engineer - Health Technologies,https://www.indeed.com/viewjob?jk=7c723a1b546a9233&fccid=c1099851e9794854&vjs=3
Hexagon US Federal Inc,Associate Programmer - 01558,https://www.indeed.com/viewjob?jk=f210cc3cbb58349a&fccid=be79c378a31bc528&vjs=3
Coca-Cola Southwest Beverages,Data Scientist,https://www.indeed.com/viewjob?jk=6c84c27f69d54de5&fccid=399fc3b577de7b68&vjs=3
Starbucks,data scientist (multiple openings) - Remote,https://www.indeed.com/viewjob?jk=0af54ecb2f72d6a9&fccid=a88e611ddef97571&vjs=3
Explore Jobs Search,"Data Scientist - Ml, Python - REMOTE!!!",https://www.indeed.com/viewjob?jk=fcc460b7b34e95ee&fccid=dd616958bd9ddc12&vjs=3
CHODERA LAB // MSKCC,software scientists,https://www.indeed.com/viewjob?jk=148c2aa7bbe9abe2&fccid=f5b7cc10935445e9&vjs=3
Zelus Analytics,(Junior / Senior) Data Scientist - Sports Analytics,https://www.indeed.com/viewjob?jk=f0dc7447a2cd9b32&fccid=80816981c594885b&vjs=3
Cloud 9 Infosystems,Power BI,https://www.indeed.com/viewjob?jk=0350929a18000cac&fccid=e62efd31829fb787&vjs=3
Children's National Hospital,Bioinformatics Analyst I,https://www.indeed.com/viewjob?jk=1e8fd4946930fff3&fccid=462240b6ade3ccad&vjs=3
Webnexs,Python Developer,https://www.indeed.com/viewjob?jk=e80e9fb4813ea766&fccid=2385ba1df53467fb&vjs=3
Amazon.com Services LLC,Support Engineer,https://www.indeed.com/viewjob?jk=88863e31239f9a58&fccid=fe2d21eef233e94a&vjs=3
General Motors,Senior Python Software Engineer - Ultra Cruise SDV,https://www.indeed.com/viewjob?jk=1287e99eb8cc169e&fccid=116680a29a847a70&vjs=3
FI Consulting,PYTHON DEVELOPER,https://www.indeed.com/viewjob?jk=9f50ec6949483c98&fccid=9f4c8126435dc89a&vjs=3
Apple,Software Engineer (Early Career),https://www.indeed.com/viewjob?jk=c83204db31f1af00&fccid=c1099851e9794854&vjs=3
IBM,Level 3 Technical Support Engineer,https://www.indeed.com/viewjob?jk=1f10b477bb5559a5&fccid=de71a49b535e21cb&vjs=3
Vujade,Python Developer,https://www.indeed.com/viewjob?jk=570e4c66da923575&fccid=7aa6087ac24316ae&vjs=3
SEIU 775 Benefits Group,Jr Data Analyst - Quantitative Research,https://www.indeed.com/viewjob?fccid=8cd69f7255a728c4&vjs=3
Meta,Marketing Analyst,https://www.indeed.com/viewjob?jk=4bf46731a398013a&fccid=ba07516c418dda52&vjs=3
Microsoft,Software Engineer,https://www.indeed.com/viewjob?jk=a39442a561b6ab37&fccid=734cb5a01ee60f80&vjs=3
Community Tech Alliance,Software Engineer,https://www.indeed.com/viewjob?jk=ad354720dc2e13a6&fccid=dd616958bd9ddc12&vjs=3
Lime,Security Engineer,https://www.indeed.com/viewjob?jk=f94c19c91e9bd904&fccid=6b213b0dd62eb391&vjs=3
Intelligent Medical Objects,Associate Software Engineer - 364,https://www.indeed.com/viewjob?fccid=8a97d8070e7b31f8&vjs=3
Ford Motor Company,People Scientist - Remote,https://www.indeed.com/viewjob?jk=be212adb0e14323b&fccid=761c44c17d636bfe&vjs=3
Pathrise,Data Mentor (Part-time),https://www.indeed.com/viewjob?jk=1ca4abef538dab27&fccid=ae6e171391e978d5&vjs=3
Booz Allen Hamilton,"Software Developer, Junior",https://www.indeed.com/viewjob?jk=f5a8cfa64667e661&fccid=4e041af1d0af1bc8&vjs=3
RStudio,Customer Success Representative,https://www.indeed.com/viewjob?jk=703cf7d290b46049&fccid=51b16288e36313e8&vjs=3
Amazon.com Services LLC,"BIE, IXD Team",https://www.indeed.com/viewjob?jk=1fadf36d4cbb3068&fccid=fe2d21eef233e94a&vjs=3
OMBU,Senior Python Developer,https://www.indeed.com/viewjob?jk=d13b06d1113de40c&fccid=2621b44f8a13e888&vjs=3
Platform.sh,"Frontend Engineer, Customer Experience",https://www.indeed.com/viewjob?jk=a90c6c95b1209cb5&fccid=19052431ee586316&vjs=3
UtilityAPI,Software Engineer (Clean Tech Job) (Remote),https://www.indeed.com/viewjob?fccid=8ea470aec594868d&vjs=3
FI Consulting,PYTHON DEVELOPER,https://www.indeed.com/viewjob?jk=9f50ec6949483c98&fccid=9f4c8126435dc89a&vjs=3
Swan Software Solutions,Python Developer,https://www.indeed.com/viewjob?jk=32eaa9e1e80e8c5d&fccid=6aa01929d42aca19&vjs=3
Oregon Health & Science University,Non OHSU Student Worker,https://www.indeed.com/viewjob?jk=a156cb9c3964efcc&fccid=85be009ba3b3a5a6&vjs=3
Amazon.com Services LLC,"Character Technical Artist, Amazon Game Studios - New World",https://www.indeed.com/viewjob?jk=239f5a616c64cdfc&fccid=fe2d21eef233e94a&vjs=3
One Earth Future,Special Assistant to the Founder and CEO,https://www.indeed.com/viewjob?fccid=f8e069498b03452c&vjs=3
"JPMorgan Chase Bank, N.A.",Python Software Engineer,https://www.indeed.com/viewjob?jk=63fbddb5bed3ad2e&fccid=aaf3b433897ea465&vjs=3
Explore Jobs Search,REMOTE QA Engineer - Python,https://www.indeed.com/viewjob?jk=a0a601cad9f7ca47&fccid=dd616958bd9ddc12&vjs=3
Five Star Technology Solutions Llc,Software Developer,https://www.indeed.com/viewjob?jk=ec9ec833275de750&fccid=1d0f4edec92a1d9d&vjs=3
Pinterest,"Software Engineer, Data",https://www.indeed.com/viewjob?jk=0e9f450352758f8c&fccid=43014b1412e0a7b6&vjs=3
Spotify,"Machine Learning Engineer, Audio Understanding",https://www.indeed.com/viewjob?jk=cf8b3597912616eb&fccid=fe404d18bb9eef1e&vjs=3
Fuego Leads,Python Dev / Analyst,https://www.indeed.com/viewjob?jk=71da39d9833d51ad&fccid=55954bb3d983cca1&vjs=3
S&P Global,Data Analyst,https://www.indeed.com/viewjob?jk=0729eacf6ca810d9&fccid=b716e44d2c6283e7&vjs=3
Luzon Technologies,Python Engineer/ Developer,https://www.indeed.com/viewjob?jk=9cd7a36be59cf2b5&fccid=ad0bd4b3ab1d278e&vjs=3
Intone Networks,Python Developer,https://www.indeed.com/viewjob?jk=922c65718856b114&fccid=3ed0572c448b2368&vjs=3
Splunk,Security Assigned Expert - Professional Services,https://www.indeed.com/viewjob?jk=fb1ffa1499c573eb&fccid=aef928e89977f7f0&vjs=3
Hussmann Corporation,Python Developer,https://www.indeed.com/viewjob?jk=01476ea27b7a979a&fccid=4959bf22aeac0427&vjs=3
Pearson,Customer Data Analyst (Remote),https://www.indeed.com/viewjob?jk=3c723d57343ab33a&fccid=915b1c0ee87e5e8a&vjs=3
SmartAsset,Software Engineer,https://www.indeed.com/viewjob?fccid=94eb61eaf1bf49bc&vjs=3
University of Maryland,Software Developer,https://www.indeed.com/viewjob?jk=733d4756fc2c5a36&fccid=fd1f6255717cee80&vjs=3
Disney Streaming,Data Scientist II,https://www.indeed.com/viewjob?jk=3f3f15b4fce128ca&fccid=40e5de3065c12562&vjs=3
RStudio,Sales Opportunities,https://www.indeed.com/viewjob?jk=8f0c4d2a405bc478&fccid=51b16288e36313e8&vjs=3
Apicbase,Remotely Full-stack Developer view vacancy,https://www.indeed.com/viewjob?jk=31fb3e2e9d50d876&fccid=df85dd80d8b4f36f&vjs=3
The Walt Disney Company (Corporate),Decision Scientist,https://www.indeed.com/viewjob?jk=492030426de1929a&fccid=4ed80f3a97849f22&vjs=3
New York University,Opportunity Programs Python Adjunct Instructor & Tutor,https://www.indeed.com/viewjob?jk=aaf32e0a9195b143&fccid=8077183a161ef0fd&vjs=3
pulseData,Data Analyst (Remote),https://www.indeed.com/viewjob?jk=20d3e043ea23ef18&fccid=2c23f29fcd5c78da&vjs=3
Microsoft,Software Engineer,https://www.indeed.com/viewjob?jk=a39442a561b6ab37&fccid=734cb5a01ee60f80&vjs=3
RStudio,Technical Support Engineer,https://www.indeed.com/viewjob?jk=adbe31280a9ebf8f&fccid=51b16288e36313e8&vjs=3
CodeCombat,Online Coding Instructor (Remote),https://www.indeed.com/viewjob?fccid=338ba0290f8ff6bd&vjs=3
Microsoft,Software Engineer II,https://www.indeed.com/viewjob?jk=9401095e3b64ae52&fccid=734cb5a01ee60f80&vjs=3
GHX,Software Engineer I - Lumere,https://www.indeed.com/viewjob?jk=77203faea42a551d&fccid=4600afcfb0f58ad6&vjs=3
Qcentrio,​​​​​​​Data Analyst (Python),https://www.indeed.com/viewjob?jk=338d8f46611cb799&fccid=177fabeae07a3025&vjs=3
NetCore Cloud Jobs,Python Developer (Remote),https://www.indeed.com/viewjob?jk=f4875f77da49323c&fccid=d9e8e2e8532f2f46&vjs=3
Eventbrite,Director of IT,https://www.indeed.com/viewjob?jk=3ba309c943755538&fccid=28dd3b780624bbf1&vjs=3
BDSA,Data Scientist (Junior),https://www.indeed.com/viewjob?jk=c1e2abfc99160b71&fccid=1068f23bdc8cad68&vjs=3
Yelp,Data Scientist (Remote),https://www.indeed.com/viewjob?jk=0072004f2d3180a4&fccid=0e94073a1c937bd1&vjs=3
Starbucks,data scientist (multiple openings) - Remote,https://www.indeed.com/viewjob?jk=0af54ecb2f72d6a9&fccid=a88e611ddef97571&vjs=3
Plectica,Junior Front End / Full Stack Software Engineer,https://www.indeed.com/viewjob?jk=168a00aa137f6f7f&fccid=6a5673a520e27ea2&vjs=3
Amazon.com Services LLC,"DevOps Engineer, Blink",https://www.indeed.com/viewjob?jk=8b7f5aa1785dba23&fccid=fe2d21eef233e94a&vjs=3
O'Reilly Media,Data Engineer,https://www.indeed.com/viewjob?jk=464d0e0ec778fa77&fccid=f6b4585215cfe949&vjs=3
Stanislaus County,Data Scientist,https://www.indeed.com/viewjob?jk=38ec664797b4b715&fccid=8b772ce2209ffa03&vjs=3
Lucasfilm,"Desktop Systems Specialist, Level I",https://www.indeed.com/viewjob?jk=b8a2315508208a9f&fccid=fffaed0a03631bb6&vjs=3
Endpoint Closing,Senior Software Engineer - Python,https://www.indeed.com/viewjob?jk=7761bb86b8c978c4&fccid=27cdb3878c8d2d22&vjs=3
"VIZIO, Inc.",Software Engineer I,https://www.indeed.com/viewjob?fccid=3f4a7b1ba9bdfdb0&vjs=3
Amazon.com Services LLC,Support Engineer,https://www.indeed.com/viewjob?jk=88863e31239f9a58&fccid=fe2d21eef233e94a&vjs=3
Digital Maelstrom,Full Stack Developer,https://www.indeed.com/viewjob?jk=964160714a1654f1&fccid=a884435cb9b826ab&vjs=3
Confianz Global,Odoo Developer,https://www.indeed.com/viewjob?jk=bcb087f705cf8235&fccid=0346f1f5dd610370&vjs=3
Cognizant Technology Solutions,Python Data Engineer,https://www.indeed.com/viewjob?jk=b0452f3ecd0281b0&fccid=2df6a1e69a70a1e7&vjs=3
Old Mission,College Graduates - Full-Time - Junior Software Engineer,https://www.indeed.com/viewjob?jk=eac7bf50b3aa46ae&fccid=01409da653ee7fb7&vjs=3
Google,Data Center Technician,https://www.indeed.com/viewjob?jk=47f629f359d56808&fccid=a5b4499d9e91a5c6&vjs=3
Community Tech Alliance,Data Engineer,https://www.indeed.com/viewjob?jk=d64593b00a1e6f46&fccid=dd616958bd9ddc12&vjs=3
Inter-Connect,Programmer,https://www.indeed.com/viewjob?jk=da45815cb899192e&fccid=1588d309ee86f3c0&vjs=3
S&P Global,"Python Developer, Lead",https://www.indeed.com/viewjob?jk=6c8e3a75d0b8d6e0&fccid=b716e44d2c6283e7&vjs=3
1DocWay,Software Engineers & Web Developers,https://www.indeed.com/viewjob?jk=597b9830f39b5420&fccid=bc8bf69154b5fc28&vjs=3
Decide,"Data Analyst, Applied ML",https://www.indeed.com/viewjob?jk=fcebc63710f6f1e0&fccid=c68e6f08b0c8b2e7&vjs=3
SwissBorg,QA Engineer (Remote),https://www.indeed.com/viewjob?fccid=23f70fd35fc98264&vjs=3
f5,Data Scientist I,https://www.indeed.com/viewjob?jk=5c801d69df900768&fccid=093a18bf96b31ae1&vjs=3
HJ Software,Python programmer,https://www.indeed.com/viewjob?jk=0bec27daffefd4ff&fccid=f147958621ce2d0d&vjs=3
The Walt Disney Company (Corporate),Decision Scientist - Course Developer- Instructor,https://www.indeed.com/viewjob?jk=36537825e57b0a88&fccid=4ed80f3a97849f22&vjs=3
Husson University,Online MBA Adjunct Faculty and Course Developers,https://www.indeed.com/viewjob?jk=1c5f4dd135d69293&fccid=4b4cea548d0d9ffb&vjs=3
SHR Talent,Senior Python Engineer,https://www.indeed.com/viewjob?jk=935713b4c0934f1c&fccid=17a3805ec0ac819d&vjs=3
New Apprenticeship,Data Analyst + Apprentice (Entry-Level),https://www.indeed.com/viewjob?fccid=d690218d13945475&vjs=3
Nintendo of America Inc.,CONTRACT - Software Engineer (NTD),https://www.indeed.com/viewjob?jk=bc2fb3971ccd94df&fccid=652ac4747cb152d3&vjs=3
Accenture,Data Engineer - 4310785,https://www.indeed.com/viewjob?jk=90688e37c220ecac&fccid=a4e4e2eaf26690c9&vjs=3
Rush Order,Entry / Mid Level Python Developer,https://www.indeed.com/viewjob?jk=819b16509e3abcc5&fccid=2bc5621ccc52a0d3&vjs=3
HealPay,Junior Web Developer,https://www.indeed.com/viewjob?jk=84e78087102e5db1&fccid=38a9e177e5d93e82&vjs=3
pulseData,Data Science Associate (Remote),https://www.indeed.com/viewjob?jk=93ba85428775f72d&fccid=2c23f29fcd5c78da&vjs=3
Wiley,Full Stack Software Engineer,https://www.indeed.com/viewjob?jk=991dc7105c5dc8d7&fccid=bee6abba453010ff&vjs=3
GapJumpers,Software Engineer (Remote),https://www.indeed.com/viewjob?jk=baaa8a0c1f573f17&fccid=7f6d63c2f2547d50&vjs=3
IBM,Level 3 Technical Support Engineer,https://www.indeed.com/viewjob?jk=1f10b477bb5559a5&fccid=de71a49b535e21cb&vjs=3
Workforce Opportunity Services,Windows Support Associate,https://www.indeed.com/viewjob?jk=beff8ebc9773f235&fccid=a1b85e534042e7c0&vjs=3
Delta,Associate Software Development Engineer,https://www.indeed.com/viewjob?jk=178f9d30fa4918d4&fccid=3f721eb1d31080a6&vjs=3
High Alpha Innovation,Junior Software Engineer,https://www.indeed.com/viewjob?jk=ced35d313abe9d97&fccid=045a7e7e93eba367&vjs=3
NWEA,Research Scientist 1 - Remote,https://www.indeed.com/viewjob?jk=78be1476bec84b6f&fccid=9371cf4a3f5a3164&vjs=3
US National Geospatial-Intelligence Agency,Human Geographer,https://www.indeed.com/viewjob?jk=e7615a6cdb8d068b&fccid=a2ecf1b301567aea&vjs=3
Wisk Aero,Jira and Atlassian Administrator,https://www.indeed.com/viewjob?jk=77e0d0591a19e865&fccid=ce87cff26ed620ad&vjs=3
General Motors,Software Engineer,https://www.indeed.com/viewjob?jk=97063a8456c74c8a&fccid=116680a29a847a70&vjs=3
InfoTrust,Python Developer,https://www.indeed.com/viewjob?jk=8c1981e2ae281083&fccid=16a2f3e58cc251fd&vjs=3
Yelp,"Analyst, Corporate Strategy",https://www.indeed.com/viewjob?jk=786a70f7a4f082c8&fccid=0e94073a1c937bd1&vjs=3
OC10,PYTHON DEVELOPER,https://www.indeed.com/viewjob?jk=f26b8209c93fdd28&fccid=5eee84779c216665&vjs=3
Mobot,Backend Engineer,https://www.indeed.com/viewjob?jk=7de026b3423008cd&fccid=bc275b459b08d082&vjs=3
L'Oreal,Junior Integration Associate (12-month),https://www.indeed.com/viewjob?jk=86e1d1d84a9128c6&fccid=ec8a0bd60be9a6f5&vjs=3
Qcentrio,Python Developer with Embedded,https://www.indeed.com/viewjob?jk=fdb0d5688408b1f6&fccid=177fabeae07a3025&vjs=3
Optiver,Research Engineer,https://www.indeed.com/viewjob?jk=adcd5b2860b6d49d&fccid=8ef4fa42d160b676&vjs=3
Intel,Software Engineer,https://www.indeed.com/viewjob?jk=28067dbd7d7adac1&fccid=936367796261bd6e&vjs=3
Nike,Expert Malware Researcher,https://www.indeed.com/viewjob?jk=88e76e6bba14689a&fccid=2c62e4de04b8f952&vjs=3
LOCKHEED MARTIN CORPORATION,Entry level Software Engineer - Assoc Degree,https://www.indeed.com/viewjob?jk=5bcdb1a99095cad8&fccid=aeb15e43a6800b9d&vjs=3
Dataflix,Airflow Consultant,https://www.indeed.com/viewjob?jk=ffe31313753f911e&fccid=b372c9f271f9dc79&vjs=3
Santex Group,Python Developer,https://www.indeed.com/viewjob?jk=040f2c487a3dd6d3&fccid=4df7c70c3731a9dc&vjs=3
Syndio,"Software Engineer, Backend",https://www.indeed.com/viewjob?jk=b508bc3d8a5f9d31&fccid=361342c3ae3ac596&vjs=3
"Harmonia Holdings Group, LLC",Python Developer,https://www.indeed.com/viewjob?fccid=4c44bc932b7f7add&vjs=3
GoDaddy,"Storage Engineer - United States, Remote",https://www.indeed.com/viewjob?jk=7a6566e5b5259b59&fccid=1d223a639e0206ab&vjs=3
Apple,Photonics Experimentalist,https://www.indeed.com/viewjob?jk=9387abef291c27b9&fccid=c1099851e9794854&vjs=3
InspiHER Tech,React/TypeScript UI Engineer,https://www.indeed.com/viewjob?jk=c0b077ca0785c344&fccid=f4d8d9827523c093&vjs=3
University of Texas at Austin,Python Developer,https://www.indeed.com/viewjob?jk=4377f8a569003e82&fccid=f7282ad3490137c7&vjs=3
Pinterest,Data Scientist,https://www.indeed.com/viewjob?jk=287fb5d322cfb191&fccid=43014b1412e0a7b6&vjs=3
Intel,Software Engineer,https://www.indeed.com/viewjob?jk=28067dbd7d7adac1&fccid=936367796261bd6e&vjs=3
Nike,Expert Malware Researcher,https://www.indeed.com/viewjob?jk=88e76e6bba14689a&fccid=2c62e4de04b8f952&vjs=3
LOCKHEED MARTIN CORPORATION,Entry level Software Engineer - Assoc Degree,https://www.indeed.com/viewjob?jk=5bcdb1a99095cad8&fccid=aeb15e43a6800b9d&vjs=3
Dataflix,Airflow Consultant,https://www.indeed.com/viewjob?jk=ffe31313753f911e&fccid=b372c9f271f9dc79&vjs=3
Santex Group,Python Developer,https://www.indeed.com/viewjob?jk=040f2c487a3dd6d3&fccid=4df7c70c3731a9dc&vjs=3
Syndio,"Software Engineer, Backend",https://www.indeed.com/viewjob?jk=b508bc3d8a5f9d31&fccid=361342c3ae3ac596&vjs=3
Meta,MacOS Client Platform Engineer,https://www.indeed.com/viewjob?jk=837a551a440c485a&fccid=ba07516c418dda52&vjs=3
"Harmonia Holdings Group, LLC",Python Developer,https://www.indeed.com/viewjob?fccid=4c44bc932b7f7add&vjs=3
GoDaddy,"Storage Engineer - United States, Remote",https://www.indeed.com/viewjob?jk=7a6566e5b5259b59&fccid=1d223a639e0206ab&vjs=3
Apple,Photonics Experimentalist,https://www.indeed.com/viewjob?jk=9387abef291c27b9&fccid=c1099851e9794854&vjs=3
InspiHER Tech,React/TypeScript UI Engineer,https://www.indeed.com/viewjob?jk=c0b077ca0785c344&fccid=f4d8d9827523c093&vjs=3
University of Texas at Austin,Python Developer,https://www.indeed.com/viewjob?jk=4377f8a569003e82&fccid=f7282ad3490137c7&vjs=3
Pinterest,Data Scientist,https://www.indeed.com/viewjob?jk=287fb5d322cfb191&fccid=43014b1412e0a7b6&vjs=3
Industrial Light & Magic,Jedi Academy: Virtual Production TD - Operator in Training (...,https://www.indeed.com/viewjob?jk=2348b16f03f2df3e&fccid=fffaed0a03631bb6&vjs=3
PayPal,Software Engineer 1,https://www.indeed.com/viewjob?jk=c3897eebd7821bc0&fccid=978d9fd9799d55a8&vjs=3
Amazon.com Services LLC,Principal Research Scientist,https://www.indeed.com/viewjob?jk=cfd414a69477abe7&fccid=fe2d21eef233e94a&vjs=3
RemoteStar Ltd,Remote Senior Blockchain Developer(Ethereum),https://www.indeed.com/viewjob?fccid=780ab1659909b012&vjs=3
Aevum,"Software Engineer, Entry-Level",https://www.indeed.com/viewjob?jk=8779b4528901e85c&fccid=6627d1d36ae0e360&vjs=3
Ollanna,Senior Python Developer,https://www.indeed.com/viewjob?jk=afd26d98ba52ad14&fccid=f5430f0108e5694b&vjs=3
Tilt,Backend Software Engineer,https://www.indeed.com/viewjob?jk=25e019c87bbc4628&fccid=22cce6b8a0e227b7&vjs=3
The J. M. Smucker Company,Data Scientist,https://www.indeed.com/viewjob?jk=5b5da1c5fb5769a9&fccid=a21694cd29ba9002&vjs=3
Invesco,Python Engineer,https://www.indeed.com/viewjob?jk=931a0b75424e1e74&fccid=61e847dda35dc377&vjs=3
WW International,Data Engineer,https://www.indeed.com/viewjob?jk=ccbf5a07ad2f5fd6&fccid=dd616958bd9ddc12&vjs=3
TikTok,"UX Researcher, Ecommerce",https://www.indeed.com/viewjob?jk=94e52fe83a3bfe55&fccid=caed318a9335aac0&vjs=3
opentext,Quality Assurance Engineer,https://www.indeed.com/viewjob?jk=39fb9aa9392bd6f2&fccid=c908408e676247d6&vjs=3
TikTok,"General Hiring: Software Engineer, TikTok Product Engineerin...",https://www.indeed.com/viewjob?jk=9ecfd209af3ef53c&fccid=caed318a9335aac0&vjs=3
NWEA,"DevOps Engineer (Full-Time, Remote)",https://www.indeed.com/viewjob?jk=e3e42dd891db9357&fccid=9371cf4a3f5a3164&vjs=3
Digital Ocean Jobs,Social Media Manager,https://www.indeed.com/viewjob?jk=adacf2e8b8dbff0d&fccid=61a3c30968b3442a&vjs=3
Nutanix,Early Career Software Engineer - LCM (Python/ Golang),https://www.indeed.com/viewjob?jk=ee4696722e6765ba&fccid=dd7de5cf522ca5fc&vjs=3
Bank of America,Global Markets Sales & Trading Rotational Summer Analyst Pro...,https://www.indeed.com/viewjob?jk=99c2e6b867ad0469&fccid=5bd99dfa21c8a490&vjs=3
Shell,Full Stack Software Developer,https://www.indeed.com/viewjob?jk=d8599b92e9bfb184&fccid=167aa4ca2fe7d8e6&vjs=3
Verizon,Decision Scientist,https://www.indeed.com/viewjob?jk=96d476bbc7b2a182&fccid=f7029f63fe5c906e&vjs=3
Accenture,Federal - Entry Level Java Developer Apprentice,https://www.indeed.com/viewjob?jk=8b72aba9f75ea34c&fccid=a4e4e2eaf26690c9&vjs=3
TikTok,Business Intelligence Analyst,https://www.indeed.com/viewjob?jk=21de06cc2dfab1dd&fccid=caed318a9335aac0&vjs=3
Trane Technologies,Data Scientist,https://www.indeed.com/viewjob?jk=ebea8bc14d4eb8eb&fccid=64739a8388b4fcb0&vjs=3
Corning,Research Scientist - Optics,https://www.indeed.com/viewjob?jk=1f58c2007fb09a15&fccid=fb75933edd65f432&vjs=3
Siemens,Software QA Engineer - DFM (Remote - US only),https://www.indeed.com/viewjob?jk=28381ff006014451&fccid=ea6bb53f0b18b8f2&vjs=3
The Regents of the University of California,Part-Time Instructor: Python Programming (Online),https://www.indeed.com/viewjob?jk=d77aabb290404136&fccid=412249ff38c9d8af&vjs=3
Convoy,Business Intelligence Engineer (All Levels),https://www.indeed.com/viewjob?jk=d7419fbc76598058&fccid=4514e98bb41669d2&vjs=3
Quizlet,iOS Engineer (Remote),https://www.indeed.com/viewjob?fccid=30aa2c54dfe7480c&vjs=3
The J. M. Smucker Company,Developer,https://www.indeed.com/viewjob?jk=3091125d479dc222&fccid=a21694cd29ba9002&vjs=3
Cowbell Cyber Inc.,Senior Software Engineer - Python,https://www.indeed.com/viewjob?jk=b85103fe58fee918&fccid=8d12cac24cae12c1&vjs=3
Atlas Labs,Senior Python Engineer,https://www.indeed.com/viewjob?jk=4e515616a680e925&fccid=ad2fc6503a8fa97f&vjs=3
Z NETWORKS,Full Stack Web Developer,https://www.indeed.com/viewjob?jk=86475bc0de4365b4&fccid=ad0f1750468b6efc&vjs=3
CSG,Software Development Engineer Lead - Python - Remote,https://www.indeed.com/viewjob?jk=3569bfad743cceab&fccid=ee8519c5c256c6b3&vjs=3
Instec Corp,Data Engineer,https://www.indeed.com/viewjob?jk=77625ede0d52469a&fccid=8232d107052198ba&vjs=3
Kyruus,Security Analyst,https://www.indeed.com/viewjob?jk=ddd4bdda208f001e&fccid=1ce9f7639ef3c703&vjs=3
Amazon.com Services LLC,SoftwareDevelopmentEngineer I,https://www.indeed.com/viewjob?jk=2267e9f1f00b9d2b&fccid=fe2d21eef233e94a&vjs=3
Southern New Hampshire University,Online Adjunct Faculty - Computer Science,https://www.indeed.com/viewjob?jk=bd8cd20a635cc933&fccid=10119bc008fd8b8d&vjs=3
Saraca Solutions,Python Developer,https://www.indeed.com/viewjob?jk=7a7f0d6cdbec9856&fccid=3f5363b03c994c29&vjs=3
